S,B,is_validation,status,latency_ms,peak_memory_MB,energy_J,energy_spread_J,n_bursts_ok,power_base_W,n_iter,n_iter_energy,pred_flops,pred_bytes_MB,pred_mem_MB
32,1,0,ok,0.6143359839916229,42.749952,0.0,0.0016385302854857837,2,343.2837510394686,500,6511,18452836.0,4.563104,4.230928
32,2,0,ok,0.5814559757709503,42.860544,0.0,0.002537634736112794,2,340.9790426941909,500,6879,36905672.0,4.964912,4.30056
32,4,0,ok,0.5987359881401062,43.081728,0.0,0.0029118963702570973,2,354.90217513450807,500,6680,73811344.0,5.768528,4.439824
32,8,0,ok,0.59825599193573,43.524096,0.0,0.000328378647569872,2,356.6064793799027,500,6686,147622688.0,7.37576,4.718352
32,16,0,ok,0.6315039992332458,44.408832,0.0,0.0008451432635316757,2,356.20446883942674,500,6334,295245376.0,10.590224,5.275408
32,32,0,ok,0.6824960112571716,46.178304,0.0,0.0028720323310596624,2,356.5858693117066,500,5860,590490752.0,17.019152,6.38952
32,64,0,ok,0.3890880048274994,42.172416,0.0,0.0007552558712410832,2,357.03568672978736,500,10280,1180981504.0,29.877008,8.617744
32,115,1,ok,0.7263199985027313,59.117568,0.006486089469341814,0.011869823525170164,2,321.01639286315344,500,5507,2122076140.0,50.369216,12.168976
32,126,1,ok,0.6237600147724152,61.2352,0.0016683690801034563,0.007394026352308068,2,322.6916548596295,500,6412,2325057336.0,54.789104,12.934928
32,128,0,ok,0.6981120109558105,61.513728,0.0,0.005407796374127892,2,345.9551085484794,500,5729,2361963008.0,55.59272,13.074192
32,141,1,ok,0.6057439744472504,63.909888,0.009844085788164942,0.014627375099454512,2,311.0300915858906,500,6603,2601849876.0,60.816224,13.979408
32,256,0,ok,0.6346559822559357,85.89312,0.0,0.0007972245027774395,2,353.8604020715402,500,6302,4723926016.0,107.024144,21.987088
48,1,1,ok,0.5618880093097687,42.796032,0.0,0.00013675663892053782,2,345.0513809384484,500,7118,41126756.0,5.049504,4.317968
48,2,1,ok,0.5989120006561279,42.952704,0.0,0.002091840993406096,2,345.1264363687211,500,6678,82253512.0,5.937712,4.47464
48,4,1,ok,0.5858240127563477,43.266048,0.0,0.0034125330331880015,2,345.27455043873425,500,6827,164507024.0,7.714128,4.787984
48,8,1,ok,0.5987679958343506,43.892736,0.0,0.0004358413859132503,2,346.74278193519285,500,6680,329014048.0,11.26696,5.414672
48,16,1,ok,0.608704000711441,45.146112,0.0,0.001308943687896108,2,350.3706621864827,500,6571,658028096.0,18.372624,6.668048
48,32,1,ok,0.5479359924793243,42.729472,0.0017056807830926708,0.008094735241746264,2,344.6032838275843,500,7300,1316056192.0,32.583952,9.1748
48,64,1,ok,0.5656320154666901,47.742976,0.0,0.0013930893485949295,2,327.72279326307614,500,7071,2632112384.0,61.006608,14.188304
48,115,1,ok,0.6645439863204956,65.011712,0.0027187167823975672,0.016099178681669442,2,351.581477479761,500,6019,4729576940.0,106.305216,22.178576
48,126,1,ok,0.6301119923591614,67.04128,0.0,0.01709664680531225,2,320.55191951849264,500,6348,5181971256.0,116.075504,23.901968
48,128,1,ok,0.6009600162506104,67.411968,0.0,0.011571430197185449,2,356.5511468178748,500,6656,5264224768.0,117.85192,24.215312
48,141,1,ok,0.6498239934444427,70.407168,0.0,0.0035205537898756398,2,359.94385871551736,500,6155,5798872596.0,129.398624,26.252048
48,256,1,ok,1.1346400380134583,96.903168,0.0,0.01405756787272547,2,357.7502512501906,500,3525,10528449536.0,231.542544,44.269328
64,1,0,ok,0.5884479880332947,56.475648,0.0,0.0010112071917606365,2,357.53819185643573,500,6797,72870244.0,5.730464,4.439824
64,2,0,ok,0.6107839941978455,56.623104,0.0,0.0011782461065160924,2,355.42707842546974,500,6548,145740488.0,7.299632,4.718352
64,4,0,ok,0.5814719796180725,57.450496,0.0,0.0009811648007146704,2,357.50318975346863,500,6879,291480976.0,10.437968,5.275408
64,8,0,ok,0.402864009141922,59.867136,0.0,0.0012349481349092889,2,357.25773016207194,500,9928,582961952.0,16.71464,6.38952
64,16,0,ok,0.5238720178604126,42.172416,7.387042621722424e-05,0.0015577709444825171,2,356.51183194722387,500,7635,1165923904.0,29.267984,8.617744
64,32,0,ok,0.5363519787788391,46.628864,0.007362300309984353,0.009787131481150426,2,347.877326603031,500,7457,2331847808.0,54.374672,13.074192
64,64,0,ok,0.744847983121872,56.328192,0.0,0.00748019472516988,2,330.1960827663292,500,5370,4663695616.0,104.588048,21.987088
64,115,1,ok,1.053167998790741,119.717888,0.0014674026690704996,0.0022946599620801344,2,355.96102471452565,500,3798,8380078060.0,184.615616,36.192016
64,126,1,ok,1.030463993549347,127.63136,0.004019308802595218,0.0035693574256701693,2,355.81158380322336,500,3881,9181650744.0,201.876464,39.255824
64,128,0,ok,1.0176799893379211,128.098304,0.00735868856728112,0.046679514857338705,2,323.85572108251756,500,3930,9327391232.0,205.0148,39.81288
64,141,1,ok,1.3434880375862122,138.19904,0.014379114086235503,0.016933793863669284,2,347.80171534696257,500,2977,10274704404.0,225.413984,43.433744
64,256,0,ok,1.8384159803390503,218.27584,0.03857468572159432,0.07206070819268001,2,294.6134825241914,500,2175,18654782464.0,405.868304,75.464464
112,1,1,ok,0.5504160225391388,56.779776,0.0,0.0016669075535075185,2,343.22590649428656,500,7267,222518116.0,8.940704,5.014288
112,2,1,ok,0.5795519948005676,57.23136,0.0,8.936151894651991e-05,2,358.1608610092974,500,6901,445036232.0,13.720112,5.86728
112,4,1,ok,0.6099519729614258,58.667008,0.0,0.00015529513389816486,2,361.7995896574144,500,6557,890072464.0,23.278928,7.573264
112,8,1,ok,0.49982400238513947,44.539904,0.0,0.0005213403904286118,2,348.55966401187277,500,8002,1780144928.0,42.39656,10.985232
112,16,1,ok,0.5250880122184753,51.36384,0.011007084008513166,0.01441493818557774,2,300.33510472011,500,7617,3560289856.0,80.631824,17.809168
112,32,1,ok,1.1566399931907654,65.961984,0.0,0.004429564277344695,2,342.90067980726883,500,3458,7120579712.0,157.102352,31.45704
112,64,1,ok,1.4357439875602722,102.473728,0.005532894143399471,0.008043332780373967,2,326.8228615081558,500,2786,14241159424.0,310.043408,58.752784
112,115,1,ok,2.479375958442688,153.914368,0.0,0.03249014904931219,2,347.0139549475072,500,1613,25589583340.0,553.793216,102.255376
112,126,1,ok,2.697343945503235,165.91872,0.04338821034628264,0.005294440409057435,2,346.5137127874429,500,1482,28037282616.0,606.366704,111.638288
112,128,1,ok,2.510175943374634,167.81312,0.0,0.06997862135651238,2,329.35967384634733,500,1593,28482318848.0,615.92552,113.344272
112,141,1,ok,2.935904026031494,181.081088,0.09108544310129112,0.028227447962432067,2,339.3161830967647,500,1362,31375054356.0,678.057824,124.433168
112,256,1,ok,5.390463829040527,296.132608,0.10035571037317483,0.04725352628084132,2,332.7691172896279,311,742,56964637696.0,1227.689744,222.527248
128,1,0,ok,0.5597279965877533,109.60896,0.0,0.0010655800393005472,2,356.6962573164936,500,7146,290539876.0,10.399904,5.275408
128,2,0,ok,0.6027519702911377,110.46912,0.010133025246017325,0.007611025348414689,2,358.62032379710644,500,6636,581079752.0,16.638512,6.38952
128,4,0,ok,0.5070080161094666,42.172416,0.0,1.2189675464054821e-05,2,347.2967314637946,500,7889,1162159504.0,29.115728,8.617744
128,8,0,ok,0.4984479993581772,46.628864,0.0,4.207373867687835e-06,2,350.04054843244194,500,8024,2324319008.0,54.07016,13.074192
128,16,0,ok,0.6140159964561462,56.328192,0.0,0.012231844207445042,2,335.167827907579,500,6514,4648638016.0,103.979024,21.987088
128,32,0,ok,1.3477920293807983,160.60416,0.028302247256914343,0.027796816418510086,2,351.36648311832636,500,2967,9297276032.0,203.796752,39.81288
128,64,0,ok,2.403231978416443,214.081536,0.0,0.015330699859416343,2,340.32905413034916,500,1664,18594552064.0,403.432208,75.464464
128,115,1,ok,4.2956318855285645,355.565568,0.11651756802373373,0.01703225096074304,2,342.101465993065,500,931,33412085740.0,721.601216,132.284176
128,126,1,ok,4.187711954116821,384.73728,0.040450421518652586,0.08629417470446105,2,353.3341511569022,484,955,36608024376.0,790.225904,144.539408
128,128,0,ok,5.043999910354614,390.242304,0.1714104923526542,0.008094676433772305,2,325.7563820353517,476,793,37189104128.0,802.70312,146.767632
128,141,1,ok,5.1876959800720215,427.196416,0.06432617657265192,0.07721786450143389,2,320.5487575468818,432,771,40966122516.0,883.805024,161.251088
128,256,0,ok,9.973487854003906,742.56384,0.43612350797596466,0.03982800349882873,2,327.828528679124,238,401,74378208256.0,1601.244944,289.373968
224,1,0,ok,0.5767040252685547,110.825472,0.0,0.00291781684569768,2,355.6553866946617,500,6935,889131364.0,23.240864,7.573264
224,2,0,ok,0.498991996049881,44.539904,0.0,0.0008312258939131155,2,358.22148497173583,500,8016,1778262728.0,42.320432,10.985232
224,4,0,ok,0.6301119923591614,51.36384,0.0006678542242012243,0.011009886205218783,2,343.83017222674783,500,6348,3556525456.0,80.479568,17.809168
224,8,0,ok,1.0646719932556152,65.961984,0.00022791424695866225,0.0009533505502275734,2,316.9133611218263,500,3757,7113050912.0,156.79784,31.45704
224,16,0,ok,1.6174079775810242,153.329664,0.02990900504002851,0.013895744323779317,2,341.8878349600985,500,2473,14226101824.0,309.434384,58.752784
224,32,0,ok,2.779360055923462,200.318976,0.02374013258239329,0.12178392252348033,2,347.176493706699,500,1439,28452203648.0,614.707472,113.344272
224,64,0,ok,7.2908477783203125,291.938304,0.2781045267305102,0.05918714205910251,2,331.5688609374739,311,548,56904407296.0,1225.253648,222.527248
224,115,1,ok,10.755135536193848,494.358528,0.39389909592342254,0.1244895247213742,2,304.43634849776356,173,371,102250106860.0,2198.311616,396.537616
224,126,1,ok,12.470431804656982,538.017792,0.8195376685061722,0.06412842363028998,2,295.5272378121178,158,320,112030551864.0,2408.186864,434.069264
224,128,0,ok,13.668255805969238,545.95584,0.508488955088977,0.05538318552736496,2,314.9148581111338,155,292,113808814592.0,2446.346,440.8932
224,141,1,ok,14.138431549072266,597.553152,0.4345453096381444,0.1116801053671633,2,316.75873125001027,141,282,125367522324.0,2694.380384,485.248784
224,256,0,ok,26.646207809448242,1053.990912,1.711363983405541,1.0134063502586865,2,328.0039137330552,77,150,227617629184.0,4888.530704,877.625104
256,1,0,ok,0.49983999133110046,42.172416,0.0,0.0009638436244659342,2,336.0579785231546,500,8002,1161218404.0,29.077664,8.617744
256,2,0,ok,0.49267199635505676,46.628864,0.0,0.002961023588392242,2,360.62305333377554,500,8118,2322436808.0,53.994032,13.074192
256,4,0,ok,0.7088800072669983,56.328192,0.0033444203321429007,0.012529804895851204,2,344.87217027446223,500,5642,4644873616.0,103.826768,21.987088
256,8,0,ok,1.6856639981269836,363.503616,0.07014604778279951,0.01668101739629069,2,359.4552963560841,500,2372,9289747232.0,203.49224,39.81288
256,16,0,ok,3.2005120515823364,416.456704,0.23099219826063017,0.10135458861850692,2,309.97167413170683,500,1249,18579494464.0,402.823184,75.464464
256,32,0,ok,5.732991933822632,522.36288,0.297792518299389,0.07854453503969452,2,325.20876910316264,476,697,37158988928.0,801.485072,146.767632
256,64,0,ok,11.342479705810547,734.175232,0.3483862716571692,0.15288660600755075,2,339.13432155482883,238,352,74317977856.0,1598.808848,289.373968
256,115,1,ok,19.856752395629883,1289.003008,0.8488629564636991,0.03442630882668685,2,330.0217985441189,132,201,133540116460.0,2869.543616,516.652816
256,126,1,ok,19.203231811523438,599.228416,0.6953682818338507,0.2084682858310304,2,310.4638877527916,121,208,146313518904.0,3143.623664,565.673744
256,128,0,ok,18.686111450195312,608.141312,0.5755094503452978,0.05221483925803733,2,322.63965694411235,119,214,148635955712.0,3193.4564,574.58664
256,141,1,ok,19.025535583496094,666.075136,0.5179221765153437,0.04287519693525349,2,326.7770641335111,108,210,163731794964.0,3517.369184,632.520464
256,256,0,ok,33.75260925292969,1178.566656,1.935477342810056,0.9106335667841617,2,328.8642288677361,59,118,297271911424.0,6382.751504,1145.011984
384,1,0,ok,0.43956799805164337,47.742976,0.0,0.00018703521267170956,2,357.1648238889466,500,9099,2612349284.0,60.207264,14.188304
384,2,0,ok,0.8695040047168732,57.769984,0.0,0.0008570170859448691,2,355.63445798437056,500,4600,5224698568.0,116.253232,24.215312
384,4,0,ok,1.2971360087394714,77.824,0.0005194985085769325,0.01530965360936567,2,357.16900464502504,500,3083,10449397136.0,228.345168,44.269328
384,8,0,ok,2.2462879419326782,117.932032,0.023057323919412915,0.0050116761356143735,2,321.69495690464606,500,1780,20898794272.0,452.52904,84.37736
384,16,0,ok,4.564608097076416,199.196672,0.08972788174308788,0.01906638782782394,2,350.81626777458655,423,876,41797588544.0,900.896784,164.593424
384,32,0,ok,9.822848320007324,358.580224,0.1804241018733657,0.11956554889316914,2,347.2401353475179,211,407,83595177088.0,1797.632272,325.025552
384,64,0,ok,19.901344299316406,679.44448,0.6189072251131449,0.03588841406690163,2,340.52332143425207,105,200,167190354176.0,3591.103248,645.889808
384,115,1,ok,32.151567459106445,1192.001536,0.9029739153762475,1.638711137056701,2,331.1549780193493,58,124,300420167660.0,6449.447616,1157.267216
384,126,1,ok,40.74428939819336,1302.953984,2.288783525189084,1.1181342777882934,2,321.9834791108002,53,98,329156009784.0,7065.953264,1267.564304
384,128,0,ok,45.00996780395508,1321.172992,2.6379222531216326,0.9581488497700902,2,325.2178540181103,52,88,334380708352.0,7178.0452,1287.61832
384,141,1,ok,50.215871810913086,1452.376064,1.3947429351743617,0.033074130358057285,2,327.04773942535826,48,79,368341249044.0,7906.642784,1417.969424
384,256,0,OOM,,,,,,,,,668761416704.0,14351.929104,2571.075344
448,1,1,ok,0.5951039791107178,51.36384,0.0,0.0056639279240987645,2,352.1587134183949,500,6721,3555584356.0,80.441504,17.809168
448,2,1,ok,0.9762240052223206,65.961984,0.0,0.017817085093316642,2,333.4223704697454,500,4097,7111168712.0,156.721712,31.45704
448,4,1,ok,1.6645439863204956,92.307456,0.0,0.021605376543655436,2,343.08578932027206,500,2403,14222337424.0,309.282128,58.752784
448,8,1,ok,2.947999954223633,147.94752,0.10646203024518683,0.03668277818836657,2,328.89481102640605,500,1356,28444674848.0,614.40296,113.344272
448,16,1,ok,6.655807971954346,257.130496,0.2706619143164418,0.09445278889913158,2,322.07800044515716,311,600,56889349696.0,1224.644624,222.527248
448,32,1,ok,13.655743598937988,476.020736,0.5649097983427042,0.1478308107383984,2,303.4467387396202,155,292,113778699392.0,2445.127952,440.8932
448,64,1,ok,29.140480041503906,912.228352,1.0445456178171841,0.06519404497579773,2,323.5286241619291,77,137,227557398784.0,4886.094608,877.625104
448,115,1,ok,50.8328971862793,1607.221248,1.7689742298367759,0.33632802080626567,2,328.27700631918776,43,78,408892200940.0,8776.385216,1573.666576
448,126,1,ok,51.77769470214844,1758.363648,0.31919309441973,0.49877612981879293,2,317.9044447161627,39,77,448003628856.0,9615.467504,1723.793168
448,128,1,ok,59.98966407775879,1784.643584,4.118020353962402,3.146350134091781,2,305.6320818127119,38,66,455114797568.0,9768.02792,1751.088912
448,141,1,ok,69.63855743408203,1962.901504,3.550536850215517,0.4518020904558433,2,331.3111093641507,35,57,501337394196.0,10759.670624,1928.511248
448,256,1,OOM,,,,,,,,,910229595136.0,19531.894544,3498.016528
496,1,1,ok,0.8485920131206512,54.445056,0.0,0.0029374183715893116,2,330.33081182053377,500,4713,4358241124.0,97.660064,20.890384
496,2,1,ok,1.0710720419883728,73.105408,0.03328439653510347,0.011404808712899506,2,324.0109688610346,500,3734,8716482248.0,191.158832,37.619472
496,4,1,ok,1.9331839680671692,104.63232,0.011146127977781185,0.030554650540188886,2,337.58552383434926,500,2069,17432964496.0,378.156368,71.077648
496,8,1,ok,4.241296052932739,171.548672,0.20232282519545858,0.08326360647706733,2,343.92809840065127,500,943,34865928992.0,752.15144,137.994
496,16,1,ok,9.57532787322998,306.3808,0.5571112769502524,0.1051505321569956,2,295.6340883771738,254,417,69731857984.0,1500.141584,271.826704
496,32,1,ok,17.05913543701172,573.046784,0.740872625461588,0.25484638947948657,2,299.3768842522387,127,234,139463715968.0,2996.121872,539.492112
496,64,1,ok,32.26416015625,1108.3776,1.4138413251525739,0.30559766279575695,2,300.44443910290545,63,123,278927431936.0,5988.082448,1074.822928
496,115,1,ok,70.38771057128906,1962.901504,2.462420491866175,0.15841639622192338,2,333.82369148691896,35,56,501197729260.0,10756.519616,1928.006416
496,126,1,OOM,,,,,,,,,549138381624.0,11785.006064,2112.026384
496,128,1,OOM,,,,,,,,,557854863872.0,11972.0036,2145.48456
496,141,1,OOM,,,,,,,,,614511998484.0,13187.487584,2362.962704
496,256,1,OOM,,,,,,,,,1115709727744.0,23939.845904,4286.807824
512,1,0,ok,0.7425279915332794,56.328192,0.0,0.0221283947385265,2,357.11440246438156,500,5387,4643932516.0,103.788704,21.987088
512,2,0,ok,1.1568639874458313,73.367552,0.01426402169838083,0.03752865117352161,2,360.4902245280087,500,3457,9287865032.0,203.416112,39.81288
512,4,0,ok,1.7990880012512207,109.019136,0.06212744379017866,0.003263507203645908,2,321.62348916291745,500,2223,18575730064.0,402.670928,75.464464
512,8,0,ok,3.767408013343811,180.322304,0.02448514850085871,0.08198262915865934,2,334.38992012581184,476,1061,37151460128.0,801.18056,146.767632
512,16,0,ok,8.255119800567627,322.92864,0.1981692614892152,0.3493518882801695,2,334.9658149226248,238,484,74302920256.0,1598.199824,289.373968
512,32,0,ok,18.266559600830078,608.141312,1.0248699469659914,0.23825911224173063,2,345.6448047233541,119,218,148605840512.0,3192.238352,574.58664
512,64,0,ok,41.32972717285156,1178.566656,0.5852800735765944,1.261187606177507,2,335.7743237248148,59,96,297211681024.0,6380.315408,1145.011984
512,115,1,OOM,,,,,,,,,534052239340.0,11461.313216,2054.127376
512,126,1,OOM,,,,,,,,,585135497016.0,12557.214704,2250.211088
512,128,0,OOM,,,,,,,,,594423362048.0,12756.46952,2285.862672
512,141,1,OOM,,,,,,,,,654794484756.0,14051.625824,2517.597968
512,256,0,OOM,,,,,,,,,1188846724096.0,25508.777744,4567.564048
